INSERT INTO userDetail(id, firstname, lastname, email)
VALUES (1, 'Chelsie', 'Haizelden', 'chaizelden0@ed.gov');
INSERT INTO userDetail(id, firstname, lastname, email)
VALUES (2, 'Elizabet', 'Feehan', 'efeehan1@zdnet.com');
INSERT INTO userDetail(id, firstname, lastname, email)
VALUES (3, 'Eberto', 'Swane', 'eswane2@apple.com');
INSERT INTO userDetail(id, firstname, lastname, email)
VALUES (4, 'Adrienne', 'Rainforth', 'arainforth3@discovery.com');
INSERT INTO userDetail(id, firstname, lastname, email)
VALUES (5, 'Shandy', 'Hutton', 'shutton4@state.tx.us');
INSERT INTO userDetail(id, firstname, lastname, email)
VALUES (6, 'Jone', 'Reddle', 'jreddle5@edublogs.org');
INSERT INTO userDetail(id, firstname, lastname, email)
VALUES (7, 'Bennie', 'Danher', 'bdanher6@zimbio.com');
INSERT INTO userDetail(id, firstname, lastname, email)
VALUES (8, 'Averell', 'Granleese', 'agranleese7@histats.com');
INSERT INTO userDetail(id, firstname, lastname, email)
VALUES (9, 'Cris', 'Cluet', 'ccluet8@ca.gov');
INSERT INTO userDetail(id, firstname, lastname, email)
VALUES (10, 'Elliott', 'Cescotti', 'ecescotti9@gov.uk');
INSERT INTO userDetail(id, firstname, lastname, email)
VALUES (11, 'Carmon', 'Coupar', 'ccoupara@miitbeian.gov.cn');
INSERT INTO userDetail(id, firstname, lastname, email)
VALUES (12, 'Tarrance', 'Marti', 'tmartib@cbc.ca');
INSERT INTO userDetail(id, firstname, lastname, email)
VALUES (13, 'Gracie', 'Wigzell', 'gwigzellc@utexas.edu');
INSERT INTO userDetail(id, firstname, lastname, email)
VALUES (14, 'Yolanthe', 'Tribe', 'ytribed@homestead.com');
INSERT INTO userDetail(id, firstname, lastname, email)
VALUES (15, 'Shirley', 'Eastcourt', 'seastcourte@webmd.com');
INSERT INTO userDetail(id, firstname, lastname, email)
VALUES (16, 'Marice', 'Rawstron', 'mrawstronf@google.es');
INSERT INTO userDetail(id, firstname, lastname, email)
VALUES (17, 'Bevvy', 'Sidebottom', 'bsidebottomg@omniture.com');
INSERT INTO userDetail(id, firstname, lastname, email)
VALUES (18, 'Kathi', 'Bane', 'kbaneh@yellowbook.com');
INSERT INTO userDetail(id, firstname, lastname, email)
VALUES (19, 'Merle', 'Rubanenko', 'mrubanenkoi@guardian.co.uk');
INSERT INTO userDetail(id, firstname, lastname, email)
VALUES (20, 'Pavlov', 'Knappe', 'pknappej@youku.com');
INSERT INTO userDetail(id, firstname, lastname, email)
VALUES (21, 'Lusa', 'Humbatch', 'lhumbatchk@hc360.com');
INSERT INTO userDetail(id, firstname, lastname, email)
VALUES (22, 'Tymon', 'Adamovsky', 'tadamovskyl@purevolume.com');
INSERT INTO userDetail(id, firstname, lastname, email)
VALUES (23, 'Hetti', 'Pantling', 'hpantlingm@t.co');
INSERT INTO userDetail(id, firstname, lastname, email)
VALUES (24, 'Annabell', 'Boole', 'aboolen@com.com');
INSERT INTO userDetail(id, firstname, lastname, email)
VALUES (25, 'Alison', 'Pine', 'apineo@europa.eu');
INSERT INTO userDetail(id, firstname, lastname, email)
VALUES (26, 'Gian', 'Peaddie', 'gpeaddiep@adobe.com');
INSERT INTO userDetail(id, firstname, lastname, email)
VALUES (27, 'Kimmy', 'Kedge', 'kkedgeq@senate.gov');
INSERT INTO userDetail(id, firstname, lastname, email)
VALUES (28, 'Adan', 'Corringham', 'acorringhamr@toplist.cz');
INSERT INTO userDetail(id, firstname, lastname, email)
VALUES (29, 'Vernen', 'Liggens', 'vliggenss@ed.gov');
INSERT INTO userDetail(id, firstname, lastname, email)
VALUES (30, 'Humphrey', 'Grinston', 'hgrinstont@washingtonpost.com');
INSERT INTO userDetail(id, firstname, lastname, email)
VALUES (31, 'Nydia', 'Mayoh', 'nmayohu@wiley.com');
INSERT INTO userDetail(id, firstname, lastname, email)
VALUES (32, 'Tiena', 'Challender', 'tchallenderv@bluehost.com');
INSERT INTO userDetail(id, firstname, lastname, email)
VALUES (33, 'Bari', 'Brade', 'bbradew@pbs.org');
INSERT INTO userDetail(id, firstname, lastname, email)
VALUES (34, 'Evelin', 'Orr', 'eorrx@zdnet.com');
INSERT INTO userDetail(id, firstname, lastname, email)
VALUES (35, 'Davie', 'Pechard', 'dpechardy@moonfruit.com');
INSERT INTO userDetail(id, firstname, lastname, email)
VALUES (36, 'Gui', 'Sackler', 'gsacklerz@youtu.be');
INSERT INTO userDetail(id, firstname, lastname, email)
VALUES (37, 'Glori', 'Harse', 'gharse10@cocolog-nifty.com');
INSERT INTO userDetail(id, firstname, lastname, email)
VALUES (38, 'Porter', 'Ribchester', 'pribchester11@illinois.edu');
INSERT INTO userDetail(id, firstname, lastname, email)
VALUES (39, 'Shaun', 'Karys', 'skarys12@wordpress.com');
INSERT INTO userDetail(id, firstname, lastname, email)
VALUES (40, 'Rhys', 'Dyott', 'rdyott13@wsj.com');
INSERT INTO userDetail(id, firstname, lastname, email)
VALUES (41, 'Leyla', 'Nuss', 'lnuss14@1688.com');
INSERT INTO userDetail(id, firstname, lastname, email)
VALUES (42, 'Clemmy', 'O'' Dornan', 'codornan15@sakura.ne.jp');
INSERT INTO userDetail(id, firstname, lastname, email)
VALUES (43, 'Angelica', 'Grzegorek', 'agrzegorek16@si.edu');
INSERT INTO userDetail(id, firstname, lastname, email)
VALUES (44, 'Mikkel', 'Iacomini', 'miacomini17@issuu.com');
INSERT INTO userDetail(id, firstname, lastname, email)
VALUES (45, 'Walker', 'Mulvagh', 'wmulvagh18@howstuffworks.com');
INSERT INTO userDetail(id, firstname, lastname, email)
VALUES (46, 'Colette', 'Mabbett', 'cmabbett19@vinaora.com');
INSERT INTO userDetail(id, firstname, lastname, email)
VALUES (47, 'Shirl', 'Baversor', 'sbaversor1a@house.gov');
INSERT INTO userDetail(id, firstname, lastname, email)
VALUES (48, 'Alistair', 'Tax', 'atax1b@va.gov');
INSERT INTO userDetail(id, firstname, lastname, email)
VALUES (49, 'Frankie', 'Lowres', 'flowres1c@howstuffworks.com');
INSERT INTO userDetail(id, firstname, lastname, email)
VALUES (50, 'Tine', 'Liversedge', 'tliversedge1d@ucoz.ru');

INSERT INTO question(qid, question, publishDate)
VALUES
  (1, 'What is the capital of France?', '2023/10/15'),
  (2, 'Who wrote the play "Hamlet"?', '2023/10/15'),
  (3, 'What is the boiling point of water?', '2023/10/15'),
  (4, 'What year did World War II end?', '2023/10/15'),
  (5, 'Who painted the Mona Lisa?', '2023/10/15'),
  (6, 'What is the largest planet in our solar system?', '2023/10/15'),
  (7, 'Who invented the telephone?', '2023/10/15'),
  (8, 'What is the chemical symbol for gold?', '2023/10/15'),
  (9, 'What is the tallest mountain in the world?', '2023/10/15'),
  (10, 'Who is known as the father of modern physics?', '2023/10/15');

INSERT INTO answer(aid, qid, answer, publishDate)
VALUES
  (1, 2,'Paris', '2023/11/15'),
  (2, 3, 'William Shakespeare', '2023/11/15'),
  (3, 3, '100 degrees Celsius', '2023/11/15'),
  (4, 4, '1945', '2023/11/15'),
  (5, 1, 'Leonardo da Vinci', '2023/11/15'),
  (6, 8, 'Jupiter', '2023/11/15'),
  (7, 5,'Alexander Graham Bell', '2023/11/15'),
  (8, 2, 'Au', '2023/11/15'),
  (9, 6,'Mount Everest', '2023/11/15'),
  (10, 6,'Albert Einstein', '2023/11/15');

INSERT INTO review(rid, aid, review, likes, dislikes)
VALUES
  (1, 1, 'Great!', 25, 2),
  (2, 2, 'The service was excellent.', 18, 0),
  (3, 3, 'Not satisfied with the quality.', 5, 12),
  (4, 4, 'Highly recommended!', 30, 1),
  (5, 4, 'Could be better.', 8, 6),
  (6, 5, 'Best experience ever!', 40, 0),
  (7, 6, 'Average performance.', 10, 8),
  (8, 6, 'Poor service.', 3, 15),
  (9, 6, 'Outstanding quality.', 35, 2),
  (10, 5, 'Disappointing purchase.', 2, 20);

INSERT INTO user_question(email, qid)
VALUES
  ('efeehan1@zdnet.com', 2),
  ('eswane2@apple.com', 3),
  ('arainforth3@discovery.com', 4),
  ('shutton4@state.tx.us', 5),
  ('jreddle5@edublogs.org', 6),
  ('bdanher6@zimbio.com', 7),
  ('agranleese7@histats.com', 8),
  ('ccluet8@ca.gov', 9),
  ('ecescotti9@gov.uk', 10);

INSERT INTO user_answer(email, aid)
VALUES
  ('chaizelden0@ed.gov', 1),
  ('efeehan1@zdnet.com', 2),
  ('eswane2@apple.com', 3),
  ('arainforth3@discovery.com', 4),
  ('shutton4@state.tx.us', 5),
  ('jreddle5@edublogs.org', 6),
  ('bdanher6@zimbio.com', 7),
  ('agranleese7@histats.com', 8),
  ('ccluet8@ca.gov', 9),
  ('ecescotti9@gov.uk', 10);

INSERT INTO user_review(email, rid)
VALUES
  ('chaizelden0@ed.gov', 1),
  ('efeehan1@zdnet.com', 2),
  ('eswane2@apple.com', 3),
  ('arainforth3@discovery.com', 4),
  ('shutton4@state.tx.us', 5),
  ('jreddle5@edublogs.org', 6),
  ('bdanher6@zimbio.com', 7),
  ('agranleese7@histats.com', 8),
  ('ccluet8@ca.gov', 9),
  ('ecescotti9@gov.uk', 10);
